ID,Title,Csn,Info
/zf_user/salaries/total-salary/view?csn=1268145614&list_type=total&order=rank&industry_cd=&company_cd=&rec_status=&page=1&page_num=20&group_cd=0&search_company_nm_org=&search_company_nm=&min_salary=1000&max_salary=10000&request_modify_company_nm=,현대바이오사이언스,1268145614,"코스닥,외부감사법인,주식회사,수출입 기업,법인사업체제조·화학 (도료) 202120202019"
/zf_user/salaries/total-salary/view?csn=1208147521&list_type=total&order=rank&industry_cd=&company_cd=&rec_status=&page=1&page_num=20&group_cd=0&search_company_nm_org=&search_company_nm=&min_salary=1000&max_salary=10000&request_modify_company_nm=,카카오,1208147521,"코스닥,대기업, 1000대기업,외부감사법인,법인사업체IT·웹·통신 (종합포털) 202120202019"
/zf_user/salaries/total-salary/view?csn=1018116406&list_type=total&order=rank&industry_cd=&company_cd=&rec_status=&page=1&page_num=20&group_cd=0&search_company_nm_org=&search_company_nm=&min_salary=1000&max_salary=10000&request_modify_company_nm=,현대모비스,1018116406,"코스피,대기업, 1000대기업,외국인 투자기업,주식회사,외부감사법인,수출입 기업,법인사업체제조·화학 (자동차부품) 202120202019"
/zf_user/salaries/total-salary/view?csn=1068643373&list_type=total&order=rank&industry_cd=&company_cd=&rec_status=&page=1&page_num=20&group_cd=0&search_company_nm_org=&search_company_nm=&min_salary=1000&max_salary=10000&request_modify_company_nm=,아모레퍼시픽,1068643373,"코스피,대기업, 1000대기업,외부감사법인,수출입 기업,법인사업체제조·화학 (도료) 202120202019"
/zf_user/salaries/total-salary/view?csn=1068104036&list_type=total&order=rank&industry_cd=&company_cd=&rec_status=&page=1&page_num=20&group_cd=0&search_company_nm_org=&search_company_nm=&min_salary=1000&max_salary=10000&request_modify_company_nm=,오리온홀딩스,1068104036,"코스피,중견기업,주식회사,법인사업체은행·금융업 (금융기관) 202120202019"
/zf_user/salaries/total-salary/view?csn=1018109147&list_type=total&order=rank&industry_cd=&company_cd=&rec_status=&page=1&page_num=20&group_cd=0&search_company_nm_org=&search_company_nm=&min_salary=1000&max_salary=10000&request_modify_company_nm=,현대자동차,1018109147,"코스피,대기업, 1000대기업,외부감사법인,주식회사,수출입 기업,법인사업체제조·화학 (자동차) 202120202019"
/zf_user/salaries/total-salary/view?csn=1358613315&list_type=total&order=rank&industry_cd=&company_cd=&rec_status=&page=1&page_num=20&group_cd=0&search_company_nm_org=&search_company_nm=&min_salary=1000&max_salary=10000&request_modify_company_nm=,에스디바이오센서,1358613315,"코스피,중소기업,외국인 투자기업,주식회사,외부감사법인,수출입 기업,법인사업체제조·화학 (정밀광학) 202120202019"
/zf_user/salaries/total-salary/view?csn=1228100804&list_type=total&order=rank&industry_cd=&company_cd=&rec_status=&page=1&page_num=20&group_cd=0&search_company_nm_org=&search_company_nm=&min_salary=1000&max_salary=10000&request_modify_company_nm=,동서식품,1228100804,"중견기업, 1000대기업,외국인 투자기업,외부감사법인,수출입 기업,법인사업체제조·화학 (식음료) 202120202019"
/zf_user/salaries/total-salary/view?csn=1348117477&list_type=total&order=rank&industry_cd=&company_cd=&rec_status=&page=1&page_num=20&group_cd=0&search_company_nm_org=&search_company_nm=&min_salary=1000&max_salary=10000&request_modify_company_nm=,삼화페인트공업,1348117477,"코스피,외국인 투자기업,외부감사법인,수출입 기업,법인사업체제조·화학 (화학) 202120202019"
/zf_user/salaries/total-salary/view?csn=1018116293&list_type=total&order=rank&industry_cd=&company_cd=&rec_status=&page=1&page_num=20&group_cd=0&search_company_nm_org=&search_company_nm=&min_salary=1000&max_salary=10000&request_modify_company_nm=,현대건설,1018116293,"코스피,대기업, 1000대기업,주식회사,법인사업체건설업 (건설회사) 202120202019"
/zf_user/salaries/total-salary/view?csn=1208765763&list_type=total&order=rank&industry_cd=&company_cd=&rec_status=&page=1&page_num=20&group_cd=0&search_company_nm_org=&search_company_nm=&min_salary=1000&max_salary=10000&request_modify_company_nm=,우아한형제들,1208765763,"중소기업, 스타트업,법인사업체IT·웹·통신 (소프트웨어개발) 202120202019"
/zf_user/salaries/total-salary/view?csn=1168108723&list_type=total&order=rank&industry_cd=&company_cd=&rec_status=&page=1&page_num=20&group_cd=0&search_company_nm_org=&search_company_nm=&min_salary=1000&max_salary=10000&request_modify_company_nm=,부국증권,1168108723,"코스피,대기업, 1000대기업,외부감사법인,법인사업체은행·금융업 (증권사) 202120202019"
/zf_user/salaries/total-salary/view?csn=1208101490&list_type=total&order=rank&industry_cd=&company_cd=&rec_status=&page=1&page_num=20&group_cd=0&search_company_nm_org=&search_company_nm=&min_salary=1000&max_salary=10000&request_modify_company_nm=,한국전력기술,1208101490,"코스피,대기업,외부감사법인,공사/공기업,법인사업체건설업 (시공사) 202120202019"
/zf_user/salaries/total-salary/view?csn=2208745316&list_type=total&order=rank&industry_cd=&company_cd=&rec_status=&page=1&page_num=20&group_cd=0&search_company_nm_org=&search_company_nm=&min_salary=1000&max_salary=10000&request_modify_company_nm=,크래프톤,2208745316,"코스피,중견기업,주식회사,법인사업체IT·웹·통신 (게임개발) 202120202019"
/zf_user/salaries/total-salary/view?csn=4068600594&list_type=total&order=rank&industry_cd=&company_cd=&rec_status=&page=1&page_num=20&group_cd=0&search_company_nm_org=&search_company_nm=&min_salary=1000&max_salary=10000&request_modify_company_nm=,(주)샐러리걸,4068600594,"중소기업,법인사업체미디어·디자인 (미디어) 202120202019"
/zf_user/salaries/total-salary/view?csn=4178104858&list_type=total&order=rank&industry_cd=&company_cd=&rec_status=&page=1&page_num=20&group_cd=0&search_company_nm_org=&search_company_nm=&min_salary=1000&max_salary=10000&request_modify_company_nm=,한국바스프,4178104858,"대기업, 1000대기업,외국인 투자기업,외부감사법인,수출입 기업,법인사업체제조·화학 (화학) 202120202019"
/zf_user/salaries/total-salary/view?csn=1168100319&list_type=total&order=rank&industry_cd=&company_cd=&rec_status=&page=1&page_num=20&group_cd=0&search_company_nm_org=&search_company_nm=&min_salary=1000&max_salary=10000&request_modify_company_nm=,다올투자증권,1168100319,"코스피,대기업, 1000대기업,외부감사법인,주식회사,법인사업체은행·금융업 (증권사) 202120202019"
/zf_user/salaries/total-salary/view?csn=1168139357&list_type=total&order=rank&industry_cd=&company_cd=&rec_status=&page=1&page_num=20&group_cd=0&search_company_nm_org=&search_company_nm=&min_salary=1000&max_salary=10000&request_modify_company_nm=,SBS,1168139357,"코스피,대기업, 1000대기업,외부감사법인,주식회사,수출입 기업,법인사업체미디어·디자인 (공중파방송) 202120202019"
/zf_user/salaries/total-salary/view?csn=6168503226&list_type=total&order=rank&industry_cd=&company_cd=&rec_status=&page=1&page_num=20&group_cd=0&search_company_nm_org=&search_company_nm=&min_salary=1000&max_salary=10000&request_modify_company_nm=,한국관광공사 제주지사,6168503226,"공사/공기업,법인사업체의 지점기관/협회 202120202019"
/zf_user/salaries/total-salary/view?csn=1148172331&list_type=total&order=rank&industry_cd=&company_cd=&rec_status=&page=1&page_num=20&group_cd=0&search_company_nm_org=&search_company_nm=&min_salary=1000&max_salary=10000&request_modify_company_nm=,크린팩토메이션,1148172331,"중견기업,외국 법인기업,주식회사,법인사업체제조·화학 (기계) 202120202019"
/zf_user/salaries/total-salary/view?csn=1188103914&list_type=total&order=rank&industry_cd=&company_cd=&rec_status=&page=2&page_num=20&group_cd=0&search_company_nm_org=&search_company_nm=&min_salary=1000&max_salary=10000&request_modify_company_nm=,농심,1188103914,"코스피,중견기업,외부감사법인,수출입 기업,법인사업체제조·화학 (식품가공) 202120202019"
/zf_user/salaries/total-salary/view?csn=1298686341&list_type=total&order=rank&industry_cd=&company_cd=&rec_status=&page=2&page_num=20&group_cd=0&search_company_nm_org=&search_company_nm=&min_salary=1000&max_salary=10000&request_modify_company_nm=,에스퓨얼셀,1298686341,"코스닥,중소기업,법인사업체제조·화학 (전기) 202120202019"
/zf_user/salaries/total-salary/view?csn=2208109507&list_type=total&order=rank&industry_cd=&company_cd=&rec_status=&page=2&page_num=20&group_cd=0&search_company_nm_org=&search_company_nm=&min_salary=1000&max_salary=10000&request_modify_company_nm=,머크,2208109507,"대기업,외국인 투자기업,외부감사법인,수출입 기업,법인사업체판매·유통 (판매) 202120202019"
/zf_user/salaries/total-salary/view?csn=6168103970&list_type=total&order=rank&industry_cd=&company_cd=&rec_status=&page=2&page_num=20&group_cd=0&search_company_nm_org=&search_company_nm=&min_salary=1000&max_salary=10000&request_modify_company_nm=,라인건설,6168103970,"중견기업, 1000대기업,외부감사법인,법인사업체건설업 (토목회사) 202120202019"
/zf_user/salaries/total-salary/view?csn=1138106667&list_type=total&order=rank&industry_cd=&company_cd=&rec_status=&page=2&page_num=20&group_cd=0&search_company_nm_org=&search_company_nm=&min_salary=1000&max_salary=10000&request_modify_company_nm=,종근당홀딩스,1138106667,"코스피,중견기업,주식회사,법인사업체의료·제약·복지 (의약·제약) 202120202019"
/zf_user/salaries/total-salary/view?csn=1048137225&list_type=total&order=rank&industry_cd=&company_cd=&rec_status=&page=2&page_num=20&group_cd=0&search_company_nm_org=&search_company_nm=&min_salary=1000&max_salary=10000&request_modify_company_nm=,SK텔레콤,1048137225,"코스피,대기업, 1000대기업,주식회사,외부감사법인,수출입 기업,법인사업체IT·웹·통신 (무선통신) 202120202019"
/zf_user/salaries/total-salary/view?csn=6098184470&list_type=total&order=rank&industry_cd=&company_cd=&rec_status=&page=2&page_num=20&group_cd=0&search_company_nm_org=&search_company_nm=&min_salary=1000&max_salary=10000&request_modify_company_nm=,한국철강,6098184470,"코스피,중견기업,외부감사법인,수출입 기업,법인사업체제조·화학 (철강) 202120202019"
/zf_user/salaries/total-salary/view?csn=1208200182&list_type=total&order=rank&industry_cd=&company_cd=&rec_status=&page=2&page_num=20&group_cd=0&search_company_nm_org=&search_company_nm=&min_salary=1000&max_salary=10000&request_modify_company_nm=,한국무역협회,1208200182,"기타,공사/공기업,비영리법인미디어·디자인 (광고대행사) 202120202019"
/zf_user/salaries/total-salary/view?csn=1048106794&list_type=total&order=rank&industry_cd=&company_cd=&rec_status=&page=2&page_num=20&group_cd=0&search_company_nm_org=&search_company_nm=&min_salary=1000&max_salary=10000&request_modify_company_nm=,대한유화,1048106794,"코스피,1000대기업, 중견기업,주식회사,외부감사법인,수출입 기업,법인사업체제조·화학 (화학) 202120202019"
/zf_user/salaries/total-salary/view?csn=4888101678&list_type=total&order=rank&industry_cd=&company_cd=&rec_status=&page=2&page_num=20&group_cd=0&search_company_nm_org=&search_company_nm=&min_salary=1000&max_salary=10000&request_modify_company_nm=,아비에무아,4888101678,"중소기업,주식회사,외부감사법인,법인사업체미디어·디자인 (산업디자인) 202120202019"
/zf_user/salaries/total-salary/view?csn=1048118121&list_type=total&order=rank&industry_cd=&company_cd=&rec_status=&page=2&page_num=20&group_cd=0&search_company_nm_org=&search_company_nm=&min_salary=1000&max_salary=10000&request_modify_company_nm=,지에스건설,1048118121,"코스피,대기업, 1000대기업,외부감사법인,주식회사,법인사업체건설업 (토목회사) 202120202019"
/zf_user/salaries/total-salary/view?csn=1168135007&list_type=total&order=rank&industry_cd=&company_cd=&rec_status=&page=2&page_num=20&group_cd=0&search_company_nm_org=&search_company_nm=&min_salary=1000&max_salary=10000&request_modify_company_nm=,디엘,1168135007,"코스피,대기업,외부감사법인,주식회사,법인사업체은행·금융업 (금융기관) 202120202019"
/zf_user/salaries/total-salary/view?csn=1268124808&list_type=total&order=rank&industry_cd=&company_cd=&rec_status=&page=2&page_num=20&group_cd=0&search_company_nm_org=&search_company_nm=&min_salary=1000&max_salary=10000&request_modify_company_nm=,시몬스,1268124808,"중견기업,외부감사법인,수출입 기업,법인사업체제조·화학 (가구) 202120202019"
/zf_user/salaries/total-salary/view?csn=8178100862&list_type=total&order=rank&industry_cd=&company_cd=&rec_status=&page=2&page_num=20&group_cd=0&search_company_nm_org=&search_company_nm=&min_salary=1000&max_salary=10000&request_modify_company_nm=,스톤브릿지벤처스,8178100862,"코스닥,중소기업,법인사업체은행·금융업 (금융기관) 202120202019"
/zf_user/salaries/total-salary/view?csn=1078644564&list_type=total&order=rank&industry_cd=&company_cd=&rec_status=&page=2&page_num=20&group_cd=0&search_company_nm_org=&search_company_nm=&min_salary=1000&max_salary=10000&request_modify_company_nm=,에이스토리,1078644564,"코스닥,중소기업,외부감사법인,주식회사,법인사업체미디어·디자인 (미디어) 202120202019"
/zf_user/salaries/total-salary/view?csn=6098137486&list_type=total&order=rank&industry_cd=&company_cd=&rec_status=&page=2&page_num=20&group_cd=0&search_company_nm_org=&search_company_nm=&min_salary=1000&max_salary=10000&request_modify_company_nm=,현대로템,6098137486,"코스피,대기업, 1000대기업,외국인 투자기업,외부감사법인,수출입 기업,법인사업체제조·화학 (자동차) 202120202019"
/zf_user/salaries/total-salary/view?csn=1358132239&list_type=total&order=rank&industry_cd=&company_cd=&rec_status=&page=2&page_num=20&group_cd=0&search_company_nm_org=&search_company_nm=&min_salary=1000&max_salary=10000&request_modify_company_nm=,현대리바트,1358132239,"코스피,대기업, 1000대기업,외부감사법인,수출입 기업,법인사업체제조·화학 (가구) 202120202019"
/zf_user/salaries/total-salary/view?csn=1168115073&list_type=total&order=rank&industry_cd=&company_cd=&rec_status=&page=2&page_num=20&group_cd=0&search_company_nm_org=&search_company_nm=&min_salary=1000&max_salary=10000&request_modify_company_nm=,한양증권,1168115073,"코스피,대기업, 1000대기업,외부감사법인,법인사업체은행·금융업 (증권사) 202120202019"
/zf_user/salaries/total-salary/view?csn=1028114717&list_type=total&order=rank&industry_cd=&company_cd=&rec_status=&page=2&page_num=20&group_cd=0&search_company_nm_org=&search_company_nm=&min_salary=1000&max_salary=10000&request_modify_company_nm=,한국씨티은행,1028114717,"대기업,외국 법인기업,외부감사법인,금융기관,주식회사,법인사업체은행·금융업 (금융기관) 202120202019"
/zf_user/salaries/total-salary/view?csn=3398101041&list_type=total&order=rank&industry_cd=&company_cd=&rec_status=&page=2&page_num=20&group_cd=0&search_company_nm_org=&search_company_nm=&min_salary=1000&max_salary=10000&request_modify_company_nm=,환경시설관리,3398101041,"대기업,법인사업체건설업 (폐수처리) 202120202019"
/zf_user/salaries/total-salary/view?csn=3128637990&list_type=total&order=rank&industry_cd=&company_cd=&rec_status=&page=3&page_num=20&group_cd=0&search_company_nm_org=&search_company_nm=&min_salary=1000&max_salary=10000&request_modify_company_nm=,이티에스,3128637990,"중소기업,외부감사법인,주식회사,병역특례 인증업체,수출입 기업,법인사업체제조·화학 (기계) 202120202019"
/zf_user/salaries/total-salary/view?csn=4628700378&list_type=total&order=rank&industry_cd=&company_cd=&rec_status=&page=3&page_num=20&group_cd=0&search_company_nm_org=&search_company_nm=&min_salary=1000&max_salary=10000&request_modify_company_nm=,사람인에이치에스,4628700378,"중견기업,외부감사법인,주식회사,법인사업체 202120202019"
/zf_user/salaries/total-salary/view?csn=1108105034&list_type=total&order=rank&industry_cd=&company_cd=&rec_status=&page=3&page_num=20&group_cd=0&search_company_nm_org=&search_company_nm=&min_salary=1000&max_salary=10000&request_modify_company_nm=,씨제이대한통운,1108105034,"코스피,대기업, 1000대기업,주식회사,법인사업체판매·유통 (육상운송) 202120202019"
/zf_user/salaries/total-salary/view?csn=3038113742&list_type=total&order=rank&industry_cd=&company_cd=&rec_status=&page=3&page_num=20&group_cd=0&search_company_nm_org=&search_company_nm=&min_salary=1000&max_salary=10000&request_modify_company_nm=,신일제약,3038113742,"코스닥,외부감사법인,주식회사,병역특례 인증업체,수출입 기업,법인사업체의료·제약·복지 (의약·제약) 202120202019"
/zf_user/salaries/total-salary/view?csn=1258625094&list_type=total&order=rank&industry_cd=&company_cd=&rec_status=&page=3&page_num=20&group_cd=0&search_company_nm_org=&search_company_nm=&min_salary=1000&max_salary=10000&request_modify_company_nm=,에이치엘만도,1258625094,"코스피,대기업, 1000대기업,법인사업체제조·화학 (자동차부품) 202120202019"
/zf_user/salaries/total-salary/view?csn=2148201661&list_type=total&order=rank&industry_cd=&company_cd=&rec_status=&page=3&page_num=20&group_cd=0&search_company_nm_org=&search_company_nm=&min_salary=1000&max_salary=10000&request_modify_company_nm=,(사)한국체인스토어협회,2148201661,"기타,공사/공기업,비영리법인미디어·디자인 (광고대행사) 202120202019"
/zf_user/salaries/total-salary/view?csn=6678702777&list_type=total&order=rank&industry_cd=&company_cd=&rec_status=&page=3&page_num=20&group_cd=0&search_company_nm_org=&search_company_nm=&min_salary=1000&max_salary=10000&request_modify_company_nm=,엑스퓨젼테크놀로지스코리아,6678702777,"중소기업,외국인 투자기업,재단법인,공사/공기업,유한회사,수출입 기업,법인사업체IT·웹·통신 (소프트웨어개발) 202120202019"
/zf_user/salaries/total-salary/view?csn=1208718329&list_type=total&order=rank&industry_cd=&company_cd=&rec_status=&page=3&page_num=20&group_cd=0&search_company_nm_org=&search_company_nm=&min_salary=1000&max_salary=10000&request_modify_company_nm=,나우아이비캐피탈,1208718329,"코스닥,대기업,외부감사법인,금융기관,주식회사,법인사업체은행·금융업 (여신) 202120202019"
/zf_user/salaries/total-salary/view?csn=1168141872&list_type=total&order=rank&industry_cd=&company_cd=&rec_status=&page=3&page_num=20&group_cd=0&search_company_nm_org=&search_company_nm=&min_salary=1000&max_salary=10000&request_modify_company_nm=,아주아이비투자,1168141872,"코스닥,대기업,외국인 투자기업,외부감사법인,법인사업체은행·금융업 (금융기관) 202120202019"
/zf_user/salaries/total-salary/view?csn=1248158485&list_type=total&order=rank&industry_cd=&company_cd=&rec_status=&page=3&page_num=20&group_cd=0&search_company_nm_org=&search_company_nm=&min_salary=1000&max_salary=10000&request_modify_company_nm=,삼성전자서비스,1248158485,"대기업, 1000대기업,외부감사법인,법인사업체서비스업 (A·S센터) 202120202019"
/zf_user/salaries/total-salary/view?csn=5038114448&list_type=total&order=rank&industry_cd=&company_cd=&rec_status=&page=3&page_num=20&group_cd=0&search_company_nm_org=&search_company_nm=&min_salary=1000&max_salary=10000&request_modify_company_nm=,대성창업투자,5038114448,"코스닥,외부감사법인,법인사업체은행·금융업 (금융기관) 202120202019"
/zf_user/salaries/total-salary/view?csn=2148124202&list_type=total&order=rank&industry_cd=&company_cd=&rec_status=&page=3&page_num=20&group_cd=0&search_company_nm_org=&search_company_nm=&min_salary=1000&max_salary=10000&request_modify_company_nm=,현대종합금속,2148124202,"중견기업,외부감사법인,수출입 기업,법인사업체제조·화학 (금속) 202120202019"
/zf_user/salaries/total-salary/view?csn=6778601176&list_type=total&order=rank&industry_cd=&company_cd=&rec_status=&page=3&page_num=20&group_cd=0&search_company_nm_org=&search_company_nm=&min_salary=1000&max_salary=10000&request_modify_company_nm=,에코비트워터,6778601176,"중견기업,주식회사,법인사업체서비스업 (시설관리) 202120202019"
/zf_user/salaries/total-salary/view?csn=2208882958&list_type=total&order=rank&industry_cd=&company_cd=&rec_status=&page=3&page_num=20&group_cd=0&search_company_nm_org=&search_company_nm=&min_salary=1000&max_salary=10000&request_modify_company_nm=,서연이화,2208882958,"코스피,중견기업, 1000대기업,주식회사,법인사업체제조·화학 (자동차부품) 202120202019"
/zf_user/salaries/total-salary/view?csn=1098143173&list_type=total&order=rank&industry_cd=&company_cd=&rec_status=&page=3&page_num=20&group_cd=0&search_company_nm_org=&search_company_nm=&min_salary=1000&max_salary=10000&request_modify_company_nm=,에이스건설,1098143173,"중견기업,법인사업체건설업 (건설회사) 202120202019"
/zf_user/salaries/total-salary/view?csn=1048164625&list_type=total&order=rank&industry_cd=&company_cd=&rec_status=&page=3&page_num=20&group_cd=0&search_company_nm_org=&search_company_nm=&min_salary=1000&max_salary=10000&request_modify_company_nm=,신한금융지주회사,1048164625,"코스피,외국인 투자기업,외부감사법인,법인사업체은행·금융업 (금융기관) 202120202019"
/zf_user/salaries/total-salary/view?csn=1138106798&list_type=total&order=rank&industry_cd=&company_cd=&rec_status=&page=3&page_num=20&group_cd=0&search_company_nm_org=&search_company_nm=&min_salary=1000&max_salary=10000&request_modify_company_nm=,세아베스틸지주,1138106798,"코스피,대기업, 1000대기업,외부감사법인,수출입 기업,법인사업체제조·화학 (제련·제강) 202120202019"
/zf_user/salaries/total-salary/view?csn=1288113272&list_type=total&order=rank&industry_cd=&company_cd=&rec_status=&page=3&page_num=20&group_cd=0&search_company_nm_org=&search_company_nm=&min_salary=1000&max_salary=10000&request_modify_company_nm=,신한종합건설,1288113272,"주식회사,외부감사법인,법인사업체건설업 (토목회사) 202120202019"
/zf_user/salaries/total-salary/view?csn=1198104575&list_type=total&order=rank&industry_cd=&company_cd=&rec_status=&page=3&page_num=20&group_cd=0&search_company_nm_org=&search_company_nm=&min_salary=1000&max_salary=10000&request_modify_company_nm=,다함이텍,1198104575,"외국인 투자기업,외부감사법인,수출입 기업,법인사업체은행·금융업 (금융기관) 202120202019"
/zf_user/salaries/total-salary/view?csn=7098100727&list_type=total&order=rank&industry_cd=&company_cd=&rec_status=&page=3&page_num=20&group_cd=0&search_company_nm_org=&search_company_nm=&min_salary=1000&max_salary=10000&request_modify_company_nm=,오리온,7098100727,"코스피,중견기업,외부감사법인,수출입 기업,법인사업체제조·화학 (제과제빵) 202120202019"
/zf_user/salaries/total-salary/view?csn=2208102810&list_type=total&order=rank&industry_cd=&company_cd=&rec_status=&page=4&page_num=20&group_cd=0&search_company_nm_org=&search_company_nm=&min_salary=1000&max_salary=10000&request_modify_company_nm=,다우기술,2208102810,"코스피,1000대기업, 중견기업,외부감사법인,수출입 기업,법인사업체IT·웹·통신 (종합포털) 202120202019"
/zf_user/salaries/total-salary/view?csn=6098181774&list_type=total&order=rank&industry_cd=&company_cd=&rec_status=&page=4&page_num=20&group_cd=0&search_company_nm_org=&search_company_nm=&min_salary=1000&max_salary=10000&request_modify_company_nm=,SNT에너지,6098181774,"코스피,중견기업,수출입 기업,법인사업체제조·화학 (기계) 202120202019"
/zf_user/salaries/total-salary/view?csn=1248100998&list_type=total&order=rank&industry_cd=&company_cd=&rec_status=&page=4&page_num=20&group_cd=0&search_company_nm_org=&search_company_nm=&min_salary=1000&max_salary=10000&request_modify_company_nm=,삼성전자,1248100998,"코스피,대기업, 1000대기업,주식회사,외부감사법인,수출입 기업,법인사업체제조·화학 (전자) 202120202019"
/zf_user/salaries/total-salary/view?csn=2058128112&list_type=total&order=rank&industry_cd=&company_cd=&rec_status=&page=4&page_num=20&group_cd=0&search_company_nm_org=&search_company_nm=&min_salary=1000&max_salary=10000&request_modify_company_nm=,프로에스콤,2058128112,"중견기업,외부감사법인,주식회사,법인사업체서비스업 (보안·경비업체) 202120202019"
/zf_user/salaries/total-salary/view?csn=1078198139&list_type=total&order=rank&industry_cd=&company_cd=&rec_status=&page=4&page_num=20&group_cd=0&search_company_nm_org=&search_company_nm=&min_salary=1000&max_salary=10000&request_modify_company_nm=,LG화학,1078198139,"코스피,대기업, 1000대기업,외부감사법인,수출입 기업,법인사업체제조·화학 (화학) 202120202019"
/zf_user/salaries/total-salary/view?csn=3018123415&list_type=total&order=rank&industry_cd=&company_cd=&rec_status=&page=4&page_num=20&group_cd=0&search_company_nm_org=&search_company_nm=&min_salary=1000&max_salary=10000&request_modify_company_nm=,유라코퍼레이션,3018123415,"중견기업,외부감사법인,수출입 기업,법인사업체제조·화학 (자동차부품) 202120202019"
/zf_user/salaries/total-salary/view?csn=1208801280&list_type=total&order=rank&industry_cd=&company_cd=&rec_status=&page=4&page_num=20&group_cd=0&search_company_nm_org=&search_company_nm=&min_salary=1000&max_salary=10000&request_modify_company_nm=,비바리퍼블리카,1208801280,"스타트업,외부감사법인,주식회사,병역특례 인증업체,법인사업체은행·금융업 (금융기관) 202120202019"
/zf_user/salaries/total-salary/view?csn=2158635051&list_type=total&order=rank&industry_cd=&company_cd=&rec_status=&page=4&page_num=20&group_cd=0&search_company_nm_org=&search_company_nm=&min_salary=1000&max_salary=10000&request_modify_company_nm=,엘아이지넥스원,2158635051,"코스피,중견기업, 1000대기업,외부감사법인,수출입 기업,법인사업체제조·화학 (금속) 202120202019"
/zf_user/salaries/total-salary/view?csn=1138111573&list_type=total&order=rank&industry_cd=&company_cd=&rec_status=&page=4&page_num=20&group_cd=0&search_company_nm_org=&search_company_nm=&min_salary=1000&max_salary=10000&request_modify_company_nm=,애경산업,1138111573,"코스피,중견기업,외부감사법인,수출입 기업,법인사업체제조·화학 (도료) 202120202019"
/zf_user/salaries/total-salary/view?csn=2028102637&list_type=total&order=rank&industry_cd=&company_cd=&rec_status=&page=4&page_num=20&group_cd=0&search_company_nm_org=&search_company_nm=&min_salary=1000&max_salary=10000&request_modify_company_nm=,신한은행,2028102637,"대기업, 1000대기업,외부감사법인,법인사업체은행·금융업 (금융기관) 202120202019"
/zf_user/salaries/total-salary/view?csn=1358142023&list_type=total&order=rank&industry_cd=&company_cd=&rec_status=&page=4&page_num=20&group_cd=0&search_company_nm_org=&search_company_nm=&min_salary=1000&max_salary=10000&request_modify_company_nm=,와이엠케이,1358142023,"중소기업,외국인 투자기업,외부감사법인,주식회사,수출입 기업,법인사업체제조·화학 (기계) 202120202019"
/zf_user/salaries/total-salary/view?csn=6068700134&list_type=total&order=rank&industry_cd=&company_cd=&rec_status=&page=4&page_num=20&group_cd=0&search_company_nm_org=&search_company_nm=&min_salary=1000&max_salary=10000&request_modify_company_nm=,디케이테크인,6068700134,"대기업,주식회사,법인사업체IT·웹·통신 (소프트웨어개발) 202120202019"
/zf_user/salaries/total-salary/view?csn=6058184196&list_type=total&order=rank&industry_cd=&company_cd=&rec_status=&page=4&page_num=20&group_cd=0&search_company_nm_org=&search_company_nm=&min_salary=1000&max_salary=10000&request_modify_company_nm=,에코캡,6058184196,"코스닥,중소기업,외부감사법인,주식회사,병역특례 인증업체,수출입 기업,법인사업체제조·화학 (자동차부품) 202120202019"
/zf_user/salaries/total-salary/view?csn=1198105439&list_type=total&order=rank&industry_cd=&company_cd=&rec_status=&page=4&page_num=20&group_cd=0&search_company_nm_org=&search_company_nm=&min_salary=1000&max_salary=10000&request_modify_company_nm=,명화공업,1198105439,"1000대기업, 중견기업,외부감사법인,병역특례 인증업체,수출입 기업,법인사업체제조·화학 (자동차부품) 202120202019"
/zf_user/salaries/total-salary/view?csn=6208101234&list_type=total&order=rank&industry_cd=&company_cd=&rec_status=&page=4&page_num=20&group_cd=0&search_company_nm_org=&search_company_nm=&min_salary=1000&max_salary=10000&request_modify_company_nm=,덕양산업,6208101234,"코스피,외부감사법인,주식회사,수출입 기업,법인사업체제조·화학 (자동차부품) 202120202019"
/zf_user/salaries/total-salary/view?csn=1048131309&list_type=total&order=rank&industry_cd=&company_cd=&rec_status=&page=4&page_num=20&group_cd=0&search_company_nm_org=&search_company_nm=&min_salary=1000&max_salary=10000&request_modify_company_nm=,금호건설,1048131309,"코스피,대기업, 1000대기업,외부감사법인,법인사업체건설업 (건설회사) 202120202019"
/zf_user/salaries/total-salary/view?csn=6218122815&list_type=total&order=rank&industry_cd=&company_cd=&rec_status=&page=4&page_num=20&group_cd=0&search_company_nm_org=&search_company_nm=&min_salary=1000&max_salary=10000&request_modify_company_nm=,톱텍,6218122815,"코스닥,중견기업, 1000대기업,외부감사법인,주식회사,병역특례 인증업체,수출입 기업,법인사업체제조·화학 (기계) 202120202019"
/zf_user/salaries/total-salary/view?csn=2208607450&list_type=total&order=rank&industry_cd=&company_cd=&rec_status=&page=4&page_num=20&group_cd=0&search_company_nm_org=&search_company_nm=&min_salary=1000&max_salary=10000&request_modify_company_nm=,파마리서치,2208607450,"코스닥,중소기업,주식회사,병역특례 인증업체,법인사업체의료·제약·복지 (의약·제약) 202120202019"
/zf_user/salaries/total-salary/view?csn=1018171660&list_type=total&order=rank&industry_cd=&company_cd=&rec_status=&page=4&page_num=20&group_cd=0&search_company_nm_org=&search_company_nm=&min_salary=1000&max_salary=10000&request_modify_company_nm=,케이티아이에스,1018171660,"코스피,대기업, 1000대기업,외부감사법인,주식회사,법인사업체IT·웹·통신 (종합포털) 202120202019"
/zf_user/salaries/total-salary/view?csn=1018632319&list_type=total&order=rank&industry_cd=&company_cd=&rec_status=&page=4&page_num=20&group_cd=0&search_company_nm_org=&search_company_nm=&min_salary=1000&max_salary=10000&request_modify_company_nm=,SK이노베이션,1018632319,"코스피,대기업, 1000대기업,외부감사법인,수출입 기업,법인사업체제조·화학 (석유화학) 202120202019"
/zf_user/salaries/total-salary/view?csn=1348103819&list_type=total&order=rank&industry_cd=&company_cd=&rec_status=&page=5&page_num=20&group_cd=0&search_company_nm_org=&search_company_nm=&min_salary=1000&max_salary=10000&request_modify_company_nm=,신풍제약,1348103819,"코스피,중견기업, 1000대기업,외부감사법인,수출입 기업,법인사업체의료·제약·복지 (의약·제약) 202120202019"
/zf_user/salaries/total-salary/view?csn=6098135227&list_type=total&order=rank&industry_cd=&company_cd=&rec_status=&page=5&page_num=20&group_cd=0&search_company_nm_org=&search_company_nm=&min_salary=1000&max_salary=10000&request_modify_company_nm=,에스에프에이,6098135227,"코스닥,중견기업, 1000대기업,주식회사,외부감사법인,수출입 기업,법인사업체제조·화학 (기계) 202120202019"
/zf_user/salaries/total-salary/view?csn=1248137632&list_type=total&order=rank&industry_cd=&company_cd=&rec_status=&page=5&page_num=20&group_cd=0&search_company_nm_org=&search_company_nm=&min_salary=1000&max_salary=10000&request_modify_company_nm=,하나제약,1248137632,"코스피,외부감사법인,주식회사,병역특례 인증업체,수출입 기업,법인사업체의료·제약·복지 (의약·제약) 202120202019"
/zf_user/salaries/total-salary/view?csn=2208786374&list_type=total&order=rank&industry_cd=&company_cd=&rec_status=&page=5&page_num=20&group_cd=0&search_company_nm_org=&search_company_nm=&min_salary=1000&max_salary=10000&request_modify_company_nm=,디알씨티에스,2208786374,"중소기업, 스타트업,외부감사법인,주식회사,법인사업체판매·유통 (IT·통신기기판매) 202120202019"
/zf_user/salaries/total-salary/view?csn=1048639742&list_type=total&order=rank&industry_cd=&company_cd=&rec_status=&page=5&page_num=20&group_cd=0&search_company_nm_org=&search_company_nm=&min_salary=1000&max_salary=10000&request_modify_company_nm=,농협은행,1048639742,"대기업, 1000대기업,주식회사,법인사업체은행·금융업 (금융기관) 202120202019"
/zf_user/salaries/total-salary/view?csn=2118108009&list_type=total&order=rank&industry_cd=&company_cd=&rec_status=&page=5&page_num=20&group_cd=0&search_company_nm_org=&search_company_nm=&min_salary=1000&max_salary=10000&request_modify_company_nm=,도화엔지니어링,2118108009,"코스피,중견기업, 1000대기업,주식회사,법인사업체건설업 (토목회사) 202120202019"
/zf_user/salaries/total-salary/view?csn=3078138444&list_type=total&order=rank&industry_cd=&company_cd=&rec_status=&page=5&page_num=20&group_cd=0&search_company_nm_org=&search_company_nm=&min_salary=1000&max_salary=10000&request_modify_company_nm=,한국콜마,3078138444,"코스피,중견기업,외부감사법인,법인사업체제조·화학 (도료) 202120202019"
/zf_user/salaries/total-salary/view?csn=1068668127&list_type=total&order=rank&industry_cd=&company_cd=&rec_status=&page=5&page_num=20&group_cd=0&search_company_nm_org=&search_company_nm=&min_salary=1000&max_salary=10000&request_modify_company_nm=,이니스프리,1068668127,"대기업, 1000대기업,주식회사,법인사업체판매·유통 (화장품매장) 202120202019"
/zf_user/salaries/total-salary/view?csn=1048118820&list_type=total&order=rank&industry_cd=&company_cd=&rec_status=&page=5&page_num=20&group_cd=0&search_company_nm_org=&search_company_nm=&min_salary=1000&max_salary=10000&request_modify_company_nm=,메타넷디지털,1048118820,"중견기업,외부감사법인,주식회사,수출입 기업,법인사업체IT·웹·통신 (IT컨설팅) 202120202019"
/zf_user/salaries/total-salary/view?csn=1358186512&list_type=total&order=rank&industry_cd=&company_cd=&rec_status=&page=5&page_num=20&group_cd=0&search_company_nm_org=&search_company_nm=&min_salary=1000&max_salary=10000&request_modify_company_nm=,프롬바이오,1358186512,"코스닥,중소기업,주식회사,외부감사법인,법인사업체제조·화학 (식품가공) 202120202019"
/zf_user/salaries/total-salary/view?csn=1358103151&list_type=total&order=rank&industry_cd=&company_cd=&rec_status=&page=5&page_num=20&group_cd=0&search_company_nm_org=&search_company_nm=&min_salary=1000&max_salary=10000&request_modify_company_nm=,마니커,1358103151,"코스피,중견기업,외부감사법인,수출입 기업,법인사업체제조·화학 (식품가공) 202120202019"
/zf_user/salaries/total-salary/view?csn=1028141325&list_type=total&order=rank&industry_cd=&company_cd=&rec_status=&page=5&page_num=20&group_cd=0&search_company_nm_org=&search_company_nm=&min_salary=1000&max_salary=10000&request_modify_company_nm=,한국갤럽조사연구소,1028141325,"중소기업,주식회사,법인사업체기관·협회 (조사분석) 202120202019"
/zf_user/salaries/total-salary/view?csn=6108100029&list_type=total&order=rank&industry_cd=&company_cd=&rec_status=&page=5&page_num=20&group_cd=0&search_company_nm_org=&search_company_nm=&min_salary=1000&max_salary=10000&request_modify_company_nm=,롯데정밀화학,6108100029,"코스피,대기업, 1000대기업,주식회사,법인사업체제조·화학 (화학) 202120202019"
/zf_user/salaries/total-salary/view?csn=1248607579&list_type=total&order=rank&industry_cd=&company_cd=&rec_status=&page=5&page_num=20&group_cd=0&search_company_nm_org=&search_company_nm=&min_salary=1000&max_salary=10000&request_modify_company_nm=,하나기술,1248607579,"코스닥,중소기업,주식회사,외부감사법인,병역특례 인증업체,수출입 기업,법인사업체제조·화학 (기계) 202120202019"
/zf_user/salaries/total-salary/view?csn=1208115636&list_type=total&order=rank&industry_cd=&company_cd=&rec_status=&page=5&page_num=20&group_cd=0&search_company_nm_org=&search_company_nm=&min_salary=1000&max_salary=10000&request_modify_company_nm=,캐논코리아,1208115636,"대기업, 1000대기업,외국인 투자기업,외부감사법인,수출입 기업,법인사업체제조·화학 (기계) 202120202019"
/zf_user/salaries/total-salary/view?csn=2158147377&list_type=total&order=rank&industry_cd=&company_cd=&rec_status=&page=5&page_num=20&group_cd=0&search_company_nm_org=&search_company_nm=&min_salary=1000&max_salary=10000&request_modify_company_nm=,신세계푸드,2158147377,"코스피,대기업, 1000대기업,주식회사,법인사업체서비스업 (출장요리) 202120202019"
/zf_user/salaries/total-salary/view?csn=3058136377&list_type=total&order=rank&industry_cd=&company_cd=&rec_status=&page=5&page_num=20&group_cd=0&search_company_nm_org=&search_company_nm=&min_salary=1000&max_salary=10000&request_modify_company_nm=,미래페이퍼,3058136377,"중견기업, 스타트업,외국인 투자기업,외부감사법인,수출입 기업,법인사업체제조·화학 (제지) 202120202019"
/zf_user/salaries/total-salary/view?csn=2118704515&list_type=total&order=rank&industry_cd=&company_cd=&rec_status=&page=5&page_num=20&group_cd=0&search_company_nm_org=&search_company_nm=&min_salary=1000&max_salary=10000&request_modify_company_nm=,휴젤,2118704515,"코스닥,중견기업, 스타트업,주식회사,법인사업체의료·제약·복지 (의약·제약) 202120202019"
/zf_user/salaries/total-salary/view?csn=1028134561&list_type=total&order=rank&industry_cd=&company_cd=&rec_status=&page=5&page_num=20&group_cd=0&search_company_nm_org=&search_company_nm=&min_salary=1000&max_salary=10000&request_modify_company_nm=,디엘건설,1028134561,"코스피,대기업, 1000대기업,외부감사법인,주식회사,법인사업체건설업 (건설회사) 202120202019"
/zf_user/salaries/total-salary/view?csn=1078176324&list_type=total&order=rank&industry_cd=&company_cd=&rec_status=&page=5&page_num=20&group_cd=0&search_company_nm_org=&search_company_nm=&min_salary=1000&max_salary=10000&request_modify_company_nm=,아워홈,1078176324,"중견기업, 1000대기업,외부감사법인,수출입 기업,법인사업체서비스업 (출장요리) 202120202019"
/zf_user/salaries/total-salary/view?csn=2208777410&list_type=total&order=rank&industry_cd=&company_cd=&rec_status=&page=6&page_num=20&group_cd=0&search_company_nm_org=&search_company_nm=&min_salary=1000&max_salary=10000&request_modify_company_nm=,네이처리퍼블릭,2208777410,"중견기업,외부감사법인,수출입 기업,법인사업체제조·화학 (도료) 202120202019"
/zf_user/salaries/total-salary/view?csn=5148140683&list_type=total&order=rank&industry_cd=&company_cd=&rec_status=&page=6&page_num=20&group_cd=0&search_company_nm_org=&search_company_nm=&min_salary=1000&max_salary=10000&request_modify_company_nm=,대성테크,5148140683,"중소기업,주식회사,법인사업체제조·화학 (고무) 202120202019"
/zf_user/salaries/total-salary/view?csn=2208157498&list_type=total&order=rank&industry_cd=&company_cd=&rec_status=&page=6&page_num=20&group_cd=0&search_company_nm_org=&search_company_nm=&min_salary=1000&max_salary=10000&request_modify_company_nm=,더맨,2208157498,"중소기업,외부감사법인,주식회사,법인사업체 202120202019"
/zf_user/salaries/total-salary/view?csn=2018184413&list_type=total&order=rank&industry_cd=&company_cd=&rec_status=&page=6&page_num=20&group_cd=0&search_company_nm_org=&search_company_nm=&min_salary=1000&max_salary=10000&request_modify_company_nm=,동양이엠에스,2018184413,"중견기업,법인사업체 202120202019"
/zf_user/salaries/total-salary/view?csn=2148668729&list_type=total&order=rank&industry_cd=&company_cd=&rec_status=&page=6&page_num=20&group_cd=0&search_company_nm_org=&search_company_nm=&min_salary=1000&max_salary=10000&request_modify_company_nm=,동원F&B,2148668729,"코스피,대기업, 1000대기업,외부감사법인,수출입 기업,법인사업체제조·화학 (식품가공) 202120202019"
/zf_user/salaries/total-salary/view?csn=1208114786&list_type=total&order=rank&industry_cd=&company_cd=&rec_status=&page=6&page_num=20&group_cd=0&search_company_nm_org=&search_company_nm=&min_salary=1000&max_salary=10000&request_modify_company_nm=,두잉씨앤에스,1208114786,"중견기업,외부감사법인,주식회사,법인사업체서비스업 (시설관리) 202120202019"
/zf_user/salaries/total-salary/view?csn=3018166490&list_type=total&order=rank&industry_cd=&company_cd=&rec_status=&page=6&page_num=20&group_cd=0&search_company_nm_org=&search_company_nm=&min_salary=1000&max_salary=10000&request_modify_company_nm=,마이크로필터,3018166490,"중소기업,외부감사법인,병역특례 인증업체,수출입 기업,법인사업체제조·화학 (기계) 202120202019"
/zf_user/salaries/total-salary/view?csn=1188115986&list_type=total&order=rank&industry_cd=&company_cd=&rec_status=&page=6&page_num=20&group_cd=0&search_company_nm_org=&search_company_nm=&min_salary=1000&max_salary=10000&request_modify_company_nm=,삼구아이앤씨,1188115986,"중견기업,외부감사법인,법인사업체서비스업 (시설관리) 202120202019"
/zf_user/salaries/total-salary/view?csn=1308100576&list_type=total&order=rank&industry_cd=&company_cd=&rec_status=&page=6&page_num=20&group_cd=0&search_company_nm_org=&search_company_nm=&min_salary=1000&max_salary=10000&request_modify_company_nm=,서흥,1308100576,"코스피,중견기업,외부감사법인,수출입 기업,법인사업체의료·제약·복지 (의약·제약) 202120202019"
/zf_user/salaries/total-salary/view?csn=1028123496&list_type=total&order=rank&industry_cd=&company_cd=&rec_status=&page=6&page_num=20&group_cd=0&search_company_nm_org=&search_company_nm=&min_salary=1000&max_salary=10000&request_modify_company_nm=,아이비에스인더스트리,1028123496,"중견기업,주식회사,법인사업체서비스업 (시설관리) 202120202019"
/zf_user/salaries/total-salary/view?csn=2068620118&list_type=total&order=rank&industry_cd=&company_cd=&rec_status=&page=6&page_num=20&group_cd=0&search_company_nm_org=&search_company_nm=&min_salary=1000&max_salary=10000&request_modify_company_nm=,엔젤스태프,2068620118,"중소기업,외부감사법인,주식회사,법인사업체 202120202019"
/zf_user/salaries/total-salary/view?csn=1388103238&list_type=total&order=rank&industry_cd=&company_cd=&rec_status=&page=6&page_num=20&group_cd=0&search_company_nm_org=&search_company_nm=&min_salary=1000&max_salary=10000&request_modify_company_nm=,오뚜기,1388103238,"코스피,외부감사법인,수출입 기업,법인사업체제조·화학 (식품가공) 202120202019"
/zf_user/salaries/total-salary/view?csn=1358198089&list_type=total&order=rank&industry_cd=&company_cd=&rec_status=&page=6&page_num=20&group_cd=0&search_company_nm_org=&search_company_nm=&min_salary=1000&max_salary=10000&request_modify_company_nm=,와이솔,1358198089,"코스닥,중견기업, 1000대기업,외부감사법인,법인사업체제조·화학 (전자) 202120202019"
/zf_user/salaries/total-salary/view?csn=1208728638&list_type=total&order=rank&industry_cd=&company_cd=&rec_status=&page=6&page_num=20&group_cd=0&search_company_nm_org=&search_company_nm=&min_salary=1000&max_salary=10000&request_modify_company_nm=,위인크,1208728638,"중소기업,주식회사,법인사업체서비스업 (시설관리) 202120202019"
/zf_user/salaries/total-salary/view?csn=1078682160&list_type=total&order=rank&industry_cd=&company_cd=&rec_status=&page=6&page_num=20&group_cd=0&search_company_nm_org=&search_company_nm=&min_salary=1000&max_salary=10000&request_modify_company_nm=,윌앤비전,1078682160,"대기업,법인사업체 202120202019"
/zf_user/salaries/total-salary/view?csn=2148122280&list_type=total&order=rank&industry_cd=&company_cd=&rec_status=&page=6&page_num=20&group_cd=0&search_company_nm_org=&search_company_nm=&min_salary=1000&max_salary=10000&request_modify_company_nm=,유니에스,2148122280,"중견기업,외부감사법인,법인사업체 202120202019"
/zf_user/salaries/total-salary/view?csn=1108140249&list_type=total&order=rank&industry_cd=&company_cd=&rec_status=&page=6&page_num=20&group_cd=0&search_company_nm_org=&search_company_nm=&min_salary=1000&max_salary=10000&request_modify_company_nm=,유베이스,1108140249,"중견기업,외부감사법인,법인사업체서비스업 (아웃소싱) 202120202019"
/zf_user/salaries/total-salary/view?csn=1168141019&list_type=total&order=rank&industry_cd=&company_cd=&rec_status=&page=6&page_num=20&group_cd=0&search_company_nm_org=&search_company_nm=&min_salary=1000&max_salary=10000&request_modify_company_nm=,인터비즈시스템,1168141019,"중소기업,주식회사,법인사업체 202120202019"
/zf_user/salaries/total-salary/view?csn=1108131570&list_type=total&order=rank&industry_cd=&company_cd=&rec_status=&page=6&page_num=20&group_cd=0&search_company_nm_org=&search_company_nm=&min_salary=1000&max_salary=10000&request_modify_company_nm=,조은시스템,1108131570,"중견기업,외부감사법인,주식회사,법인사업체서비스업 (보안·경비업체) 202120202019"
/zf_user/salaries/total-salary/view?csn=1168118745&list_type=total&order=rank&industry_cd=&company_cd=&rec_status=&page=6&page_num=20&group_cd=0&search_company_nm_org=&search_company_nm=&min_salary=1000&max_salary=10000&request_modify_company_nm=,지에스리테일,1168118745,"코스피,대기업, 1000대기업,외부감사법인,법인사업체판매·유통 (편의점) 202120202019"
/zf_user/salaries/total-salary/view?csn=2028148370&list_type=total&order=rank&industry_cd=&company_cd=&rec_status=&page=7&page_num=20&group_cd=0&search_company_nm_org=&search_company_nm=&min_salary=1000&max_salary=10000&request_modify_company_nm=,케이비손해보험,2028148370,"대기업,외부감사법인,금융기관,법인사업체은행·금융업 (손해사정) 202120202019"
/zf_user/salaries/total-salary/view?csn=3148142683&list_type=total&order=rank&industry_cd=&company_cd=&rec_status=&page=7&page_num=20&group_cd=0&search_company_nm_org=&search_company_nm=&min_salary=1000&max_salary=10000&request_modify_company_nm=,케이티씨에스,3148142683,"코스피,대기업, 1000대기업,외부감사법인,주식회사,법인사업체IT·웹·통신 (종합포털) 202120202019"
/zf_user/salaries/total-salary/view?csn=1318189365&list_type=total&order=rank&industry_cd=&company_cd=&rec_status=&page=7&page_num=20&group_cd=0&search_company_nm_org=&search_company_nm=&min_salary=1000&max_salary=10000&request_modify_company_nm=,프리죤,1318189365,"중소기업,법인사업체 202120202019"
/zf_user/salaries/total-salary/view?csn=2028114695&list_type=total&order=rank&industry_cd=&company_cd=&rec_status=&page=7&page_num=20&group_cd=0&search_company_nm_org=&search_company_nm=&min_salary=1000&max_salary=10000&request_modify_company_nm=,하나은행,2028114695,"대기업,외부감사법인,법인사업체은행·금융업 (금융기관) 202120202019"
/zf_user/salaries/total-salary/view?csn=1208126337&list_type=total&order=rank&industry_cd=&company_cd=&rec_status=&page=7&page_num=20&group_cd=0&search_company_nm_org=&search_company_nm=&min_salary=1000&max_salary=10000&request_modify_company_nm=,한섬,1208126337,"코스피,대기업, 1000대기업,외부감사법인,주식회사,수출입 기업,법인사업체제조·화학 (여성의류) 202120202019"
/zf_user/salaries/total-salary/view?csn=2158618498&list_type=total&order=rank&industry_cd=&company_cd=&rec_status=&page=7&page_num=20&group_cd=0&search_company_nm_org=&search_company_nm=&min_salary=1000&max_salary=10000&request_modify_company_nm=,휴먼코아,2158618498,"중소기업,주식회사,법인사업체 202120202019"
/zf_user/salaries/total-salary/view?csn=2148855043&list_type=total&order=rank&industry_cd=&company_cd=&rec_status=&page=7&page_num=20&group_cd=0&search_company_nm_org=&search_company_nm=&min_salary=1000&max_salary=10000&request_modify_company_nm=,휴먼티에스에스,2148855043,"대기업,외부감사법인,법인사업체서비스업 (보안·경비업체) 202120202019"
/zf_user/salaries/total-salary/view?csn=1048609535&list_type=total&order=rank&industry_cd=&company_cd=&rec_status=&page=7&page_num=20&group_cd=0&search_company_nm_org=&search_company_nm=&min_salary=1000&max_salary=10000&request_modify_company_nm=,CJ제일제당,1048609535,"코스피,대기업, 1000대기업,주식회사,수출입 기업,법인사업체제조·화학 (식품가공) 202120202019"
/zf_user/salaries/total-salary/view?csn=2118185933&list_type=total&order=rank&industry_cd=&company_cd=&rec_status=&page=7&page_num=20&group_cd=0&search_company_nm_org=&search_company_nm=&min_salary=1000&max_salary=10000&request_modify_company_nm=,고려휴먼스,2118185933,"중소기업,법인사업체서비스업 (아웃소싱) 202120202019"
/zf_user/salaries/total-salary/view?csn=1288607154&list_type=total&order=rank&industry_cd=&company_cd=&rec_status=&page=7&page_num=20&group_cd=0&search_company_nm_org=&search_company_nm=&min_salary=1000&max_salary=10000&request_modify_company_nm=,메가,1288607154,"대기업,주식회사,법인사업체은행·금융업 (보험사) 202120202019"
/zf_user/salaries/total-salary/view?csn=1168103752&list_type=total&order=rank&industry_cd=&company_cd=&rec_status=&page=7&page_num=20&group_cd=0&search_company_nm_org=&search_company_nm=&min_salary=1000&max_salary=10000&request_modify_company_nm=,메리츠화재해상보험,1168103752,"코스피,대기업, 1000대기업,법인사업체은행·금융업 (손해사정) 202120202019"
/zf_user/salaries/total-salary/view?csn=1048126688&list_type=total&order=rank&industry_cd=&company_cd=&rec_status=&page=7&page_num=20&group_cd=0&search_company_nm_org=&search_company_nm=&min_salary=1000&max_salary=10000&request_modify_company_nm=,삼성생명보험,1048126688,"코스피,대기업, 1000대기업,주식회사,법인사업체은행·금융업 (생명보험) 202120202019"
/zf_user/salaries/total-salary/view?csn=1048651732&list_type=total&order=rank&industry_cd=&company_cd=&rec_status=&page=7&page_num=20&group_cd=0&search_company_nm_org=&search_company_nm=&min_salary=1000&max_salary=10000&request_modify_company_nm=,삼성웰스토리,1048651732,"대기업, 1000대기업,법인사업체서비스업 (출장요리) 202120202019"
/zf_user/salaries/total-salary/view?csn=2028145617&list_type=total&order=rank&industry_cd=&company_cd=&rec_status=&page=7&page_num=20&group_cd=0&search_company_nm_org=&search_company_nm=&min_salary=1000&max_salary=10000&request_modify_company_nm=,삼성화재해상보험,2028145617,"코스피,대기업, 1000대기업,외부감사법인,금융기관,주식회사,법인사업체은행·금융업 (손해사정) 202120202019"
/zf_user/salaries/total-salary/view?csn=1228122467&list_type=total&order=rank&industry_cd=&company_cd=&rec_status=&page=7&page_num=20&group_cd=0&search_company_nm_org=&search_company_nm=&min_salary=1000&max_salary=10000&request_modify_company_nm=,성우전자,1228122467,"코스닥,외부감사법인,수출입 기업,법인사업체제조·화학 (전자) 202120202019"
/zf_user/salaries/total-salary/view?csn=3078132907&list_type=total&order=rank&industry_cd=&company_cd=&rec_status=&page=7&page_num=20&group_cd=0&search_company_nm_org=&search_company_nm=&min_salary=1000&max_salary=10000&request_modify_company_nm=,솔브레인에스엘디,3078132907,"중견기업,주식회사,법인사업체 202120202019"
/zf_user/salaries/total-salary/view?csn=2028148079&list_type=total&order=rank&industry_cd=&company_cd=&rec_status=&page=7&page_num=20&group_cd=0&search_company_nm_org=&search_company_nm=&min_salary=1000&max_salary=10000&request_modify_company_nm=,신한카드,2028148079,"대기업, 1000대기업,주식회사,법인사업체은행·금융업 (신용카드사) 202120202019"
/zf_user/salaries/total-salary/view?csn=3128142519&list_type=total&order=rank&industry_cd=&company_cd=&rec_status=&page=7&page_num=20&group_cd=0&search_company_nm_org=&search_company_nm=&min_salary=1000&max_salary=10000&request_modify_company_nm=,씨제이푸드빌,3128142519,"대기업,외부감사법인,법인사업체 202120202019"
/zf_user/salaries/total-salary/view?csn=6038111270&list_type=total&order=rank&industry_cd=&company_cd=&rec_status=&page=7&page_num=20&group_cd=0&search_company_nm_org=&search_company_nm=&min_salary=1000&max_salary=10000&request_modify_company_nm=,씨제이프레시웨이,6038111270,"코스닥,대기업, 1000대기업,외부감사법인,수출입 기업,법인사업체판매·유통 (판매) 202120202019"
/zf_user/salaries/total-salary/view?csn=5158107635&list_type=total&order=rank&industry_cd=&company_cd=&rec_status=&page=7&page_num=20&group_cd=0&search_company_nm_org=&search_company_nm=&min_salary=1000&max_salary=10000&request_modify_company_nm=,아진산업,5158107635,"코스닥,중견기업,외부감사법인,수출입 기업,법인사업체제조·화학 (자동차부품) 202120202019"
/zf_user/salaries/total-salary/view?csn=1138137651&list_type=total&order=rank&industry_cd=&company_cd=&rec_status=&page=8&page_num=20&group_cd=0&search_company_nm_org=&search_company_nm=&min_salary=1000&max_salary=10000&request_modify_company_nm=,에스피씨,1138137651,"중소기업,외부감사법인,병역특례 인증업체,수출입 기업,법인사업체제조·화학 (화학) 202120202019"
/zf_user/salaries/total-salary/view?csn=2148724145&list_type=total&order=rank&industry_cd=&company_cd=&rec_status=&page=8&page_num=20&group_cd=0&search_company_nm_org=&search_company_nm=&min_salary=1000&max_salary=10000&request_modify_company_nm=,에이스휴먼파워,2148724145,"중소기업,주식회사,법인사업체 202120202019"
/zf_user/salaries/total-salary/view?csn=1138134289&list_type=total&order=rank&industry_cd=&company_cd=&rec_status=&page=8&page_num=20&group_cd=0&search_company_nm_org=&search_company_nm=&min_salary=1000&max_salary=10000&request_modify_company_nm=,인트로맨,1138134289,"중소기업,주식회사,법인사업체 202120202019"
/zf_user/salaries/total-salary/view?csn=1308149813&list_type=total&order=rank&industry_cd=&company_cd=&rec_status=&page=8&page_num=20&group_cd=0&search_company_nm_org=&search_company_nm=&min_salary=1000&max_salary=10000&request_modify_company_nm=,청호나이스,1308149813,"중견기업,수출입 기업,법인사업체제조·화학 (기계) 202120202019"
/zf_user/salaries/total-salary/view?csn=3128150630&list_type=total&order=rank&industry_cd=&company_cd=&rec_status=&page=8&page_num=20&group_cd=0&search_company_nm_org=&search_company_nm=&min_salary=1000&max_salary=10000&request_modify_company_nm=,하나마이크론,3128150630,"코스닥,대기업, 1000대기업,외부감사법인,수출입 기업,법인사업체제조·화학 (회로설계) 202120202019"
/zf_user/salaries/total-salary/view?csn=1048202591&list_type=total&order=rank&industry_cd=&company_cd=&rec_status=&page=8&page_num=20&group_cd=0&search_company_nm_org=&search_company_nm=&min_salary=1000&max_salary=10000&request_modify_company_nm=,한국은행,1048202591,"기타,공사/공기업,비영리법인은행·금융업 (금융기관) 202120202019"
/zf_user/salaries/total-salary/view?csn=1208660835&list_type=total&order=rank&industry_cd=&company_cd=&rec_status=&page=8&page_num=20&group_cd=0&search_company_nm_org=&search_company_nm=&min_salary=1000&max_salary=10000&request_modify_company_nm=,한울회계법인,1208660835,"중소기업,유한회사,법인사업체기관·협회 (회계법인) 202120202019"
/zf_user/salaries/total-salary/view?csn=1018130747&list_type=total&order=rank&industry_cd=&company_cd=&rec_status=&page=8&page_num=20&group_cd=0&search_company_nm_org=&search_company_nm=&min_salary=1000&max_salary=10000&request_modify_company_nm=,한화호텔앤드리조트,1018130747,"대기업, 1000대기업,주식회사,법인사업체 202120202019"
/zf_user/salaries/total-salary/view?csn=1218110385&list_type=total&order=rank&industry_cd=&company_cd=&rec_status=&page=8&page_num=20&group_cd=0&search_company_nm_org=&search_company_nm=&min_salary=1000&max_salary=10000&request_modify_company_nm=,현대제철,1218110385,"코스피,대기업, 1000대기업,외부감사법인,수출입 기업,법인사업체제조·화학 (제철) 202120202019"
/zf_user/salaries/total-salary/view?csn=2208160348&list_type=total&order=rank&industry_cd=&company_cd=&rec_status=&page=8&page_num=20&group_cd=0&search_company_nm_org=&search_company_nm=&min_salary=1000&max_salary=10000&request_modify_company_nm=,홈플러스,2208160348,"대기업, 1000대기업,외국인 투자기업,외부감사법인,법인사업체 202120202019"
/zf_user/salaries/total-salary/view?csn=1208173505&list_type=total&order=rank&industry_cd=&company_cd=&rec_status=&page=8&page_num=20&group_cd=0&search_company_nm_org=&search_company_nm=&min_salary=1000&max_salary=10000&request_modify_company_nm=,효성아이티엑스,1208173505,"코스피,대기업,외부감사법인,수출입 기업,법인사업체서비스업 (아웃소싱) 202120202019"
/zf_user/salaries/total-salary/view?csn=1338122244&list_type=total&order=rank&industry_cd=&company_cd=&rec_status=&page=8&page_num=20&group_cd=0&search_company_nm_org=&search_company_nm=&min_salary=1000&max_salary=10000&request_modify_company_nm=,SPC삼립,1338122244,"코스피,중견기업,외부감사법인,수출입 기업,법인사업체제조·화학 (제과제빵) 202120202019"
/zf_user/salaries/total-salary/view?csn=5308701006&list_type=total&order=rank&industry_cd=&company_cd=&rec_status=&page=8&page_num=20&group_cd=0&search_company_nm_org=&search_company_nm=&min_salary=1000&max_salary=10000&request_modify_company_nm=,골프존카운티,5308701006,"중견기업,주식회사,법인사업체서비스업 (스포츠) 202120202019"
/zf_user/salaries/total-salary/view?csn=1208736536&list_type=total&order=rank&industry_cd=&company_cd=&rec_status=&page=8&page_num=20&group_cd=0&search_company_nm_org=&search_company_nm=&min_salary=1000&max_salary=10000&request_modify_company_nm=,그린피플,1208736536,"중소기업,법인사업체 202120202019"
/zf_user/salaries/total-salary/view?csn=5148132179&list_type=total&order=rank&industry_cd=&company_cd=&rec_status=&page=8&page_num=20&group_cd=0&search_company_nm_org=&search_company_nm=&min_salary=1000&max_salary=10000&request_modify_company_nm=,(주)금호정공,5148132179,"중소기업,외부감사법인,주식회사,병역특례 인증업체,법인사업체제조·화학 (자동차부품) 202120202019"
/zf_user/salaries/total-salary/view?csn=2118119302&list_type=total&order=rank&industry_cd=&company_cd=&rec_status=&page=8&page_num=20&group_cd=0&search_company_nm_org=&search_company_nm=&min_salary=1000&max_salary=10000&request_modify_company_nm=,대현,2118119302,"코스피,중견기업,외국인 투자기업,외부감사법인,주식회사,수출입 기업,법인사업체제조·화학 (여성의류) 202120202019"
/zf_user/salaries/total-salary/view?csn=2118600870&list_type=total&order=rank&industry_cd=&company_cd=&rec_status=&page=8&page_num=20&group_cd=0&search_company_nm_org=&search_company_nm=&min_salary=1000&max_salary=10000&request_modify_company_nm=,더본코리아,2118600870,"중견기업,외부감사법인,주식회사,법인사업체판매·유통 (판매) 202120202019"
/zf_user/salaries/total-salary/view?csn=3128125280&list_type=total&order=rank&industry_cd=&company_cd=&rec_status=&page=8&page_num=20&group_cd=0&search_company_nm_org=&search_company_nm=&min_salary=1000&max_salary=10000&request_modify_company_nm=,동원홈푸드,3128125280,"외부감사법인,수출입 기업,법인사업체판매·유통 (판매) 202120202019"
/zf_user/salaries/total-salary/view?csn=3128131249&list_type=total&order=rank&industry_cd=&company_cd=&rec_status=&page=8&page_num=20&group_cd=0&search_company_nm_org=&search_company_nm=&min_salary=1000&max_salary=10000&request_modify_company_nm=,드림텍,3128131249,"코스피,중견기업,주식회사,외부감사법인,수출입 기업,법인사업체제조·화학 (전자) 202120202019"
/zf_user/salaries/total-salary/view?csn=2198104744&list_type=total&order=rank&industry_cd=&company_cd=&rec_status=&page=8&page_num=20&group_cd=0&search_company_nm_org=&search_company_nm=&min_salary=1000&max_salary=10000&request_modify_company_nm=,맥서브,2198104744,"외부감사법인,법인사업체서비스업 (시설관리) 202120202019"
/zf_user/salaries/total-salary/view?csn=1248121028&list_type=total&order=rank&industry_cd=&company_cd=&rec_status=&page=9&page_num=20&group_cd=0&search_company_nm_org=&search_company_nm=&min_salary=1000&max_salary=10000&request_modify_company_nm=,명일,1248121028,"중소기업,주식회사,법인사업체 202120202019"
/zf_user/salaries/total-salary/view?csn=1308155315&list_type=total&order=rank&industry_cd=&company_cd=&rec_status=&page=9&page_num=20&group_cd=0&search_company_nm_org=&search_company_nm=&min_salary=1000&max_salary=10000&request_modify_company_nm=,테크엘,1308155315,"코스닥,중소기업,외부감사법인,수출입 기업,법인사업체제조·화학 (반도체) 202120202019"
/zf_user/salaries/total-salary/view?csn=1078665138&list_type=total&order=rank&industry_cd=&company_cd=&rec_status=&page=9&page_num=20&group_cd=0&search_company_nm_org=&search_company_nm=&min_salary=1000&max_salary=10000&request_modify_company_nm=,브라운네트웍스,1078665138,"중소기업,주식회사,법인사업체서비스업 (시설관리) 202120202019"
/zf_user/salaries/total-salary/view?csn=1138600917&list_type=total&order=rank&industry_cd=&company_cd=&rec_status=&page=9&page_num=20&group_cd=0&search_company_nm_org=&search_company_nm=&min_salary=1000&max_salary=10000&request_modify_company_nm=,사람인에이치알,1138600917,"코스닥,중견기업,법인사업체IT·웹·통신 (종합포털) 202120202019"
/zf_user/salaries/total-salary/view?csn=1088164141&list_type=total&order=rank&industry_cd=&company_cd=&rec_status=&page=9&page_num=20&group_cd=0&search_company_nm_org=&search_company_nm=&min_salary=1000&max_salary=10000&request_modify_company_nm=,삼구에프에스,1088164141,"중견기업,주식회사,법인사업체 202120202019"
/zf_user/salaries/total-salary/view?csn=1148633202&list_type=total&order=rank&industry_cd=&company_cd=&rec_status=&page=9&page_num=20&group_cd=0&search_company_nm_org=&search_company_nm=&min_salary=1000&max_salary=10000&request_modify_company_nm=,삼창감정평가법인,1148633202,"중견기업,외부감사법인,주식회사,법인사업체 202120202019"
/zf_user/salaries/total-salary/view?csn=1348101655&list_type=total&order=rank&industry_cd=&company_cd=&rec_status=&page=9&page_num=20&group_cd=0&search_company_nm_org=&search_company_nm=&min_salary=1000&max_salary=10000&request_modify_company_nm=,서원,1348101655,"코스피,외부감사법인,수출입 기업,법인사업체제조·화학 (금속) 202120202019"
/zf_user/salaries/total-salary/view?csn=8828800429&list_type=total&order=rank&industry_cd=&company_cd=&rec_status=&page=9&page_num=20&group_cd=0&search_company_nm_org=&search_company_nm=&min_salary=1000&max_salary=10000&request_modify_company_nm=,성엔지니어링,8828800429,"중소기업,수출입 기업,법인사업체제조·화학 (전기) 202120202019"
/zf_user/salaries/total-salary/view?csn=2298112111&list_type=total&order=rank&industry_cd=&company_cd=&rec_status=&page=9&page_num=20&group_cd=0&search_company_nm_org=&search_company_nm=&min_salary=1000&max_salary=10000&request_modify_company_nm=,세방테크,2298112111,"중견기업,주식회사,법인사업체건설업 (시설) 202120202019"
/zf_user/salaries/total-salary/view?csn=2148729515&list_type=total&order=rank&industry_cd=&company_cd=&rec_status=&page=9&page_num=20&group_cd=0&search_company_nm_org=&search_company_nm=&min_salary=1000&max_salary=10000&request_modify_company_nm=,(주)씨아이템프러리,2148729515,"중소기업,주식회사,사단법인,법인사업체서비스업 (서치펌) 202120202019"
/zf_user/salaries/total-salary/view?csn=1068660595&list_type=total&order=rank&industry_cd=&company_cd=&rec_status=&page=9&page_num=20&group_cd=0&search_company_nm_org=&search_company_nm=&min_salary=1000&max_salary=10000&request_modify_company_nm=,씨에스원파트너,1068660595,"대기업,법인사업체서비스업 (아웃소싱) 202120202019"
/zf_user/salaries/total-salary/view?csn=2208110886&list_type=total&order=rank&industry_cd=&company_cd=&rec_status=&page=9&page_num=20&group_cd=0&search_company_nm_org=&search_company_nm=&min_salary=1000&max_salary=10000&request_modify_company_nm=,아프리카티비,2208110886,"코스닥,외부감사법인,수출입 기업,법인사업체IT·웹·통신 (소프트웨어개발) 202120202019"
/zf_user/salaries/total-salary/view?csn=3038105811&list_type=total&order=rank&industry_cd=&company_cd=&rec_status=&page=9&page_num=20&group_cd=0&search_company_nm_org=&search_company_nm=&min_salary=1000&max_salary=10000&request_modify_company_nm=,에스비테크,3038105811,"외부감사법인,수출입 기업,법인사업체건설업 (실내건축) 202120202019"
/zf_user/salaries/total-salary/view?csn=1268174308&list_type=total&order=rank&industry_cd=&company_cd=&rec_status=&page=9&page_num=20&group_cd=0&search_company_nm_org=&search_company_nm=&min_salary=1000&max_salary=10000&request_modify_company_nm=,에스제이테크,1268174308,"외부감사법인,병역특례 인증업체,수출입 기업,법인사업체제조·화학 (전자) 202120202019"
/zf_user/salaries/total-salary/view?csn=2028162708&list_type=total&order=rank&industry_cd=&company_cd=&rec_status=&page=9&page_num=20&group_cd=0&search_company_nm_org=&search_company_nm=&min_salary=1000&max_salary=10000&request_modify_company_nm=,에스텍시스템,2028162708,"중견기업,외부감사법인,주식회사,병역특례 인증업체,법인사업체서비스업 (보안·경비업체) 202120202019"
/zf_user/salaries/total-salary/view?csn=1208690080&list_type=total&order=rank&industry_cd=&company_cd=&rec_status=&page=9&page_num=20&group_cd=0&search_company_nm_org=&search_company_nm=&min_salary=1000&max_salary=10000&request_modify_company_nm=,에스텍플러스,1208690080,"중견기업,법인사업체 202120202019"
/zf_user/salaries/total-salary/view?csn=1078653665&list_type=total&order=rank&industry_cd=&company_cd=&rec_status=&page=9&page_num=20&group_cd=0&search_company_nm_org=&search_company_nm=&min_salary=1000&max_salary=10000&request_modify_company_nm=,에이치에스애드,1078653665,"대기업,외부감사법인,수출입 기업,법인사업체미디어·디자인 (광고대행사) 202120202019"
/zf_user/salaries/total-salary/view?csn=1268155539&list_type=total&order=rank&industry_cd=&company_cd=&rec_status=&page=9&page_num=20&group_cd=0&search_company_nm_org=&search_company_nm=&min_salary=1000&max_salary=10000&request_modify_company_nm=,에이티세미콘,1268155539,"코스닥,외국인 투자기업,외부감사법인,수출입 기업,법인사업체제조·화학 (회로설계) 202120202019"
/zf_user/salaries/total-salary/view?csn=6218109054&list_type=total&order=rank&industry_cd=&company_cd=&rec_status=&page=9&page_num=20&group_cd=0&search_company_nm_org=&search_company_nm=&min_salary=1000&max_salary=10000&request_modify_company_nm=,엠에스씨,6218109054,"코스닥,외부감사법인,수출입 기업,법인사업체제조·화학 (식품가공) 202120202019"
/zf_user/salaries/total-salary/view?csn=6188108291&list_type=total&order=rank&industry_cd=&company_cd=&rec_status=&page=9&page_num=20&group_cd=0&search_company_nm_org=&search_company_nm=&min_salary=1000&max_salary=10000&request_modify_company_nm=,오토닉스,6188108291,"중견기업, 스타트업,주식회사,법인사업체제조·화학 (전자) 202120202019"
